[
    {"name" : "Acetaminophen", "quantity" : "5", "dosage" : "Twice a day"},
    {"name" : "Adderall", "quantity" : "100", "dosage" : "Every night"},
    {"name" : "Alprazolam", "quantity" : "12", "dosage" : "Whenever you want"},
    {"name" : "Famciclovir", "quantity" : "10", "dosage" : "Every morning"},
    {"name" : "Fluoxetine", "quantity" : "25", "dosage" : "Four Times a day"},
    {"name" : "Vistaril", "quantity" : "6", "dosage" : "Sixteen Times a day"},
    {"name" : "Viagra", "quantity" : "69", "dosage" : "Whenever needed"},
    {"name" : "Testosterone", "quantity" : "37", "dosage" : "Twice a day"},
    {"name" : "Tetracycline", "quantity" : "13", "dosage" : "Once a day"},
    {"name" : "Sodium chloride", "quantity" : "65", "dosage" : "Four times a day"} 
]